{
    "loss": 2.789276123046875,
    "accuracy": 0.713178277015686
}